cycliste,sportif,age,sexe,nb_km,vitesse,attente
Cycliste_azery,2,52,homme,5.692474940616231,23.86217362877697,0.5
Cycliste_azeyb,0,50,femme,5.937754437019081,8.968056040538855,0.5
Cycliste_azet6,2,16,femme,4.005926071474577,18.356379199044188,0.5
Cycliste_azer2,4,48,femme,3.6272567976858117,15.332162481110338,0.5
Cycliste_azey1,-0.5,21,femme,5.614073160695022,19.127009365469853,0.5
Cycliste_azeti,-0.5,15,femme,6.85364896345348,20.922555661311875,0.5
